text,label,source,lang
这道微积分题该如何下手？ 有什么坑?,作业/考试题解读,synthetic,zh
这道微积分题该如何下手？,作业/考试题解读,synthetic,zh
推荐系统学习资料和最佳实践,资料推荐,synthetic,zh
数学应用题求解思路,作业/考试题解读,synthetic,zh
Python 入门到进阶的建议,学习路径建议,synthetic,zh
Best books to learn statistics 请详细一些,资料推荐,synthetic,zh
Best books to learn statistics 给个例子,资料推荐,synthetic,zh
How to install CUDA on Ubuntu 22.04 Why?,工具安装配置,synthetic,en
Show an example of sklearn logistic regression 有什么坑?,示例代码,synthetic,zh
Transformer 结构复习提纲 Why?,复习总结/要点,synthetic,zh
Key takeaways of gradient descent,复习总结/要点,synthetic,en
NullPointerException how to debug 给个例子,报错排查,synthetic,zh
这道微积分题该如何下手？ 请详细一些,作业/考试题解读,synthetic,zh
Explain what is overfitting in machine learning,概念解释,synthetic,en
数学应用题求解思路 Why?,作业/考试题解读,synthetic,zh
How to learn deep learning in 3 months?,学习路径建议,synthetic,en
如何用python实现快速排序？,示例代码,synthetic,zh
什么是交叉熵？通俗解释一下,概念解释,synthetic,zh
Best books to learn statistics,资料推荐,synthetic,en
How to fix ModuleNotFoundError: numpy?,报错排查,synthetic,en
Key takeaways of gradient descent,复习总结/要点,synthetic,en
这道微积分题该如何下手？ 给个例子,作业/考试题解读,synthetic,zh
pip 安装 torch 失败，如何解决？,工具安装配置,synthetic,zh
这道微积分题该如何下手？,作业/考试题解读,synthetic,zh
Python 入门到进阶的建议,学习路径建议,synthetic,zh
如何用python实现快速排序？,示例代码,synthetic,zh
什么是交叉熵？通俗解释一下,概念解释,synthetic,zh
推荐系统学习资料和最佳实践,资料推荐,synthetic,zh
How to learn deep learning in 3 months?,学习路径建议,synthetic,en
How to learn deep learning in 3 months? 请详细一些,学习路径建议,synthetic,zh
How to install CUDA on Ubuntu 22.04,工具安装配置,synthetic,en
Transformer 结构复习提纲 Why?,复习总结/要点,synthetic,zh
训练时报错 CUDA out of memory 怎么办？,报错排查,synthetic,zh
Show an example of sklearn logistic regression Why?,示例代码,synthetic,en
Key takeaways of gradient descent,复习总结/要点,synthetic,en
NullPointerException how to debug Why?,报错排查,synthetic,en
How to learn deep learning in 3 months? Why?,学习路径建议,synthetic,en
训练时报错 CUDA out of memory 怎么办？ 请详细一些,报错排查,synthetic,zh
Explain what is overfitting in machine learning,概念解释,synthetic,en
Explain what is overfitting in machine learning 有什么坑?,概念解释,synthetic,zh
Transformer 结构复习提纲,复习总结/要点,synthetic,zh
Key takeaways of gradient descent 有什么坑?,复习总结/要点,synthetic,zh
数学应用题求解思路,作业/考试题解读,synthetic,zh
NullPointerException how to debug 有什么坑?,报错排查,synthetic,zh
如何用python实现快速排序？,示例代码,synthetic,zh
数学应用题求解思路,作业/考试题解读,synthetic,zh
哪里可以找到优质的NLP课程？ Why?,资料推荐,synthetic,zh
conda 创建虚拟环境并安装requirements,工具安装配置,synthetic,zh
什么是交叉熵？通俗解释一下 请详细一些,概念解释,synthetic,zh
Key takeaways of gradient descent 请详细一些,复习总结/要点,synthetic,zh
How to fix ModuleNotFoundError: numpy? 请详细一些,报错排查,synthetic,zh
帮我总结SVM的核心要点,复习总结/要点,synthetic,zh
How to install CUDA on Ubuntu 22.04,工具安装配置,synthetic,en
什么是交叉熵？通俗解释一下,概念解释,synthetic,zh
Key takeaways of gradient descent,复习总结/要点,synthetic,en
Show an example of sklearn logistic regression Why?,示例代码,synthetic,en
Key takeaways of gradient descent,复习总结/要点,synthetic,en
How to solve this probability question?,作业/考试题解读,synthetic,en
哪里可以找到优质的NLP课程？ 有什么坑?,资料推荐,synthetic,zh
零基础如何学习机器学习？给出学习路径 请详细一些,学习路径建议,synthetic,zh
这道微积分题该如何下手？,作业/考试题解读,synthetic,zh
什么是交叉熵？通俗解释一下 Why?,概念解释,synthetic,zh
How to fix ModuleNotFoundError: numpy?,报错排查,synthetic,en
零基础如何学习机器学习？给出学习路径 给个例子,学习路径建议,synthetic,zh
这道微积分题该如何下手？ 请详细一些,作业/考试题解读,synthetic,zh
如何用python实现快速排序？,示例代码,synthetic,zh
Best books to learn statistics,资料推荐,synthetic,en
什么是交叉熵？通俗解释一下 请详细一些,概念解释,synthetic,zh
How to solve this probability question? 给个例子,作业/考试题解读,synthetic,zh
pip 安装 torch 失败，如何解决？,工具安装配置,synthetic,zh
如何用python实现快速排序？,示例代码,synthetic,zh
Explain what is overfitting in machine learning Why?,概念解释,synthetic,en
How to install CUDA on Ubuntu 22.04 Why?,工具安装配置,synthetic,en
请给出 PyTorch 实现 ResNet18 的示例代码,示例代码,synthetic,zh
训练时报错 CUDA out of memory 怎么办？,报错排查,synthetic,zh
推荐系统学习资料和最佳实践 请详细一些,资料推荐,synthetic,zh
推荐系统学习资料和最佳实践,资料推荐,synthetic,zh
什么是交叉熵？通俗解释一下,概念解释,synthetic,zh
什么是交叉熵？通俗解释一下,概念解释,synthetic,zh
How to fix ModuleNotFoundError: numpy?,报错排查,synthetic,en
零基础如何学习机器学习？给出学习路径,学习路径建议,synthetic,zh
这道微积分题该如何下手？,作业/考试题解读,synthetic,zh
这道微积分题该如何下手？,作业/考试题解读,synthetic,zh
为什么L2正则化能缓解过拟合？,概念解释,synthetic,zh
零基础如何学习机器学习？给出学习路径 Why?,学习路径建议,synthetic,zh
Python 入门到进阶的建议,学习路径建议,synthetic,zh
帮我总结SVM的核心要点,复习总结/要点,synthetic,zh
Transformer 结构复习提纲,复习总结/要点,synthetic,zh
请给出 PyTorch 实现 ResNet18 的示例代码 给个例子,示例代码,synthetic,zh
哪里可以找到优质的NLP课程？,资料推荐,synthetic,zh
哪里可以找到优质的NLP课程？,资料推荐,synthetic,zh
哪里可以找到优质的NLP课程？,资料推荐,synthetic,zh
How to fix ModuleNotFoundError: numpy?,报错排查,synthetic,en
pip 安装 torch 失败，如何解决？ Why?,工具安装配置,synthetic,zh
How to solve this probability question?,作业/考试题解读,synthetic,en
How to install CUDA on Ubuntu 22.04 有什么坑?,工具安装配置,synthetic,zh
Transformer 结构复习提纲,复习总结/要点,synthetic,zh
帮我总结SVM的核心要点,复习总结/要点,synthetic,zh
NullPointerException how to debug,报错排查,synthetic,en
How to install CUDA on Ubuntu 22.04 Why?,工具安装配置,synthetic,en
训练时报错 CUDA out of memory 怎么办？,报错排查,synthetic,zh
Python 入门到进阶的建议,学习路径建议,synthetic,zh
这道微积分题该如何下手？,作业/考试题解读,synthetic,zh
推荐系统学习资料和最佳实践,资料推荐,synthetic,zh
NullPointerException how to debug,报错排查,synthetic,en
How to fix ModuleNotFoundError: numpy?,报错排查,synthetic,en
如何用python实现快速排序？,示例代码,synthetic,zh
pip 安装 torch 失败，如何解决？,工具安装配置,synthetic,zh
数学应用题求解思路,作业/考试题解读,synthetic,zh
conda 创建虚拟环境并安装requirements Why?,工具安装配置,synthetic,zh
Best books to learn statistics,资料推荐,synthetic,en
请给出 PyTorch 实现 ResNet18 的示例代码,示例代码,synthetic,zh
推荐系统学习资料和最佳实践,资料推荐,synthetic,zh
零基础如何学习机器学习？给出学习路径 请详细一些,学习路径建议,synthetic,zh
数学应用题求解思路 给个例子,作业/考试题解读,synthetic,zh
如何用python实现快速排序？ 有什么坑?,示例代码,synthetic,zh
帮我总结SVM的核心要点,复习总结/要点,synthetic,zh
帮我总结SVM的核心要点,复习总结/要点,synthetic,zh
Python 入门到进阶的建议,学习路径建议,synthetic,zh
数学应用题求解思路,作业/考试题解读,synthetic,zh
Python 入门到进阶的建议 请详细一些,学习路径建议,synthetic,zh
How to solve this probability question? 有什么坑?,作业/考试题解读,synthetic,zh
数学应用题求解思路 请详细一些,作业/考试题解读,synthetic,zh
Key takeaways of gradient descent,复习总结/要点,synthetic,en
请给出 PyTorch 实现 ResNet18 的示例代码,示例代码,synthetic,zh
Transformer 结构复习提纲,复习总结/要点,synthetic,zh
零基础如何学习机器学习？给出学习路径 Why?,学习路径建议,synthetic,zh
NullPointerException how to debug 请详细一些,报错排查,synthetic,zh
为什么L2正则化能缓解过拟合？,概念解释,synthetic,zh
How to install CUDA on Ubuntu 22.04,工具安装配置,synthetic,en
数学应用题求解思路,作业/考试题解读,synthetic,zh
conda 创建虚拟环境并安装requirements Why?,工具安装配置,synthetic,zh
How to solve this probability question?,作业/考试题解读,synthetic,en
conda 创建虚拟环境并安装requirements,工具安装配置,synthetic,zh
Explain what is overfitting in machine learning,概念解释,synthetic,en
Best books to learn statistics,资料推荐,synthetic,en
推荐系统学习资料和最佳实践 给个例子,资料推荐,synthetic,zh
How to fix ModuleNotFoundError: numpy?,报错排查,synthetic,en
Python 入门到进阶的建议,学习路径建议,synthetic,zh
conda 创建虚拟环境并安装requirements,工具安装配置,synthetic,zh
零基础如何学习机器学习？给出学习路径,学习路径建议,synthetic,zh
Best books to learn statistics,资料推荐,synthetic,en
如何用python实现快速排序？,示例代码,synthetic,zh
Python 入门到进阶的建议,学习路径建议,synthetic,zh
为什么L2正则化能缓解过拟合？,概念解释,synthetic,zh
How to fix ModuleNotFoundError: numpy?,报错排查,synthetic,en
Show an example of sklearn logistic regression,示例代码,synthetic,en
Key takeaways of gradient descent 请详细一些,复习总结/要点,synthetic,zh
NullPointerException how to debug,报错排查,synthetic,en
推荐系统学习资料和最佳实践,资料推荐,synthetic,zh
pip 安装 torch 失败，如何解决？ 给个例子,工具安装配置,synthetic,zh
推荐系统学习资料和最佳实践,资料推荐,synthetic,zh
Best books to learn statistics,资料推荐,synthetic,en
帮我总结SVM的核心要点,复习总结/要点,synthetic,zh
请给出 PyTorch 实现 ResNet18 的示例代码,示例代码,synthetic,zh
什么是交叉熵？通俗解释一下,概念解释,synthetic,zh
Show an example of sklearn logistic regression,示例代码,synthetic,en
How to learn deep learning in 3 months?,学习路径建议,synthetic,en
NullPointerException how to debug,报错排查,synthetic,en
零基础如何学习机器学习？给出学习路径,学习路径建议,synthetic,zh
Explain what is overfitting in machine learning,概念解释,synthetic,en
这道微积分题该如何下手？,作业/考试题解读,synthetic,zh
Key takeaways of gradient descent Why?,复习总结/要点,synthetic,en
训练时报错 CUDA out of memory 怎么办？ 给个例子,报错排查,synthetic,zh
pip 安装 torch 失败，如何解决？,工具安装配置,synthetic,zh
为什么L2正则化能缓解过拟合？,概念解释,synthetic,zh
数学应用题求解思路,作业/考试题解读,synthetic,zh
Show an example of sklearn logistic regression,示例代码,synthetic,en
Key takeaways of gradient descent 给个例子,复习总结/要点,synthetic,zh
什么是交叉熵？通俗解释一下,概念解释,synthetic,zh
Explain what is overfitting in machine learning,概念解释,synthetic,en
Transformer 结构复习提纲,复习总结/要点,synthetic,zh
什么是交叉熵？通俗解释一下 有什么坑?,概念解释,synthetic,zh
pip 安装 torch 失败，如何解决？ 请详细一些,工具安装配置,synthetic,zh
训练时报错 CUDA out of memory 怎么办？,报错排查,synthetic,zh
什么是交叉熵？通俗解释一下,概念解释,synthetic,zh
conda 创建虚拟环境并安装requirements,工具安装配置,synthetic,zh
推荐系统学习资料和最佳实践,资料推荐,synthetic,zh
如何用python实现快速排序？,示例代码,synthetic,zh
How to learn deep learning in 3 months?,学习路径建议,synthetic,en
为什么L2正则化能缓解过拟合？ 给个例子,概念解释,synthetic,zh
推荐系统学习资料和最佳实践 Why?,资料推荐,synthetic,zh
这道微积分题该如何下手？,作业/考试题解读,synthetic,zh
conda 创建虚拟环境并安装requirements,工具安装配置,synthetic,zh
NullPointerException how to debug,报错排查,synthetic,en
How to learn deep learning in 3 months?,学习路径建议,synthetic,en
哪里可以找到优质的NLP课程？ 请详细一些,资料推荐,synthetic,zh
NullPointerException how to debug,报错排查,synthetic,en
Python 入门到进阶的建议,学习路径建议,synthetic,zh
零基础如何学习机器学习？给出学习路径 请详细一些,学习路径建议,synthetic,zh
推荐系统学习资料和最佳实践,资料推荐,synthetic,zh
训练时报错 CUDA out of memory 怎么办？ 有什么坑?,报错排查,synthetic,zh
训练时报错 CUDA out of memory 怎么办？,报错排查,synthetic,zh
Key takeaways of gradient descent,复习总结/要点,synthetic,en
帮我总结SVM的核心要点,复习总结/要点,synthetic,zh
How to fix ModuleNotFoundError: numpy? Why?,报错排查,synthetic,en
帮我总结SVM的核心要点 给个例子,复习总结/要点,synthetic,zh
请给出 PyTorch 实现 ResNet18 的示例代码,示例代码,synthetic,zh
NullPointerException how to debug,报错排查,synthetic,en
pip 安装 torch 失败，如何解决？ 有什么坑?,工具安装配置,synthetic,zh
什么是交叉熵？通俗解释一下 请详细一些,概念解释,synthetic,zh
请给出 PyTorch 实现 ResNet18 的示例代码,示例代码,synthetic,zh
Transformer 结构复习提纲,复习总结/要点,synthetic,zh
哪里可以找到优质的NLP课程？ Why?,资料推荐,synthetic,zh
Transformer 结构复习提纲,复习总结/要点,synthetic,zh
推荐系统学习资料和最佳实践 请详细一些,资料推荐,synthetic,zh
数学应用题求解思路,作业/考试题解读,synthetic,zh
Key takeaways of gradient descent,复习总结/要点,synthetic,en
请给出 PyTorch 实现 ResNet18 的示例代码,示例代码,synthetic,zh
这道微积分题该如何下手？,作业/考试题解读,synthetic,zh
How to learn deep learning in 3 months? 给个例子,学习路径建议,synthetic,zh
如何用python实现快速排序？,示例代码,synthetic,zh
如何用python实现快速排序？,示例代码,synthetic,zh
请给出 PyTorch 实现 ResNet18 的示例代码,示例代码,synthetic,zh
请给出 PyTorch 实现 ResNet18 的示例代码,示例代码,synthetic,zh
推荐系统学习资料和最佳实践,资料推荐,synthetic,zh
How to learn deep learning in 3 months? Why?,学习路径建议,synthetic,en
Show an example of sklearn logistic regression 有什么坑?,示例代码,synthetic,zh
How to solve this probability question? Why?,作业/考试题解读,synthetic,en
这道微积分题该如何下手？,作业/考试题解读,synthetic,zh
什么是交叉熵？通俗解释一下 请详细一些,概念解释,synthetic,zh
Key takeaways of gradient descent 给个例子,复习总结/要点,synthetic,zh
How to solve this probability question?,作业/考试题解读,synthetic,en
pip 安装 torch 失败，如何解决？ 有什么坑?,工具安装配置,synthetic,zh
零基础如何学习机器学习？给出学习路径,学习路径建议,synthetic,zh
为什么L2正则化能缓解过拟合？,概念解释,synthetic,zh
零基础如何学习机器学习？给出学习路径,学习路径建议,synthetic,zh
How to fix ModuleNotFoundError: numpy?,报错排查,synthetic,en
推荐系统学习资料和最佳实践 给个例子,资料推荐,synthetic,zh
How to fix ModuleNotFoundError: numpy? 请详细一些,报错排查,synthetic,zh
帮我总结SVM的核心要点,复习总结/要点,synthetic,zh
How to install CUDA on Ubuntu 22.04,工具安装配置,synthetic,en
训练时报错 CUDA out of memory 怎么办？,报错排查,synthetic,zh
请给出 PyTorch 实现 ResNet18 的示例代码 有什么坑?,示例代码,synthetic,zh
Python 入门到进阶的建议,学习路径建议,synthetic,zh
训练时报错 CUDA out of memory 怎么办？,报错排查,synthetic,zh
How to learn deep learning in 3 months?,学习路径建议,synthetic,en
如何用python实现快速排序？ Why?,示例代码,synthetic,zh
How to fix ModuleNotFoundError: numpy?,报错排查,synthetic,en
零基础如何学习机器学习？给出学习路径 请详细一些,学习路径建议,synthetic,zh
conda 创建虚拟环境并安装requirements,工具安装配置,synthetic,zh
pip 安装 torch 失败，如何解决？,工具安装配置,synthetic,zh
为什么L2正则化能缓解过拟合？,概念解释,synthetic,zh
Explain what is overfitting in machine learning Why?,概念解释,synthetic,en
How to install CUDA on Ubuntu 22.04,工具安装配置,synthetic,en
推荐系统学习资料和最佳实践,资料推荐,synthetic,zh
How to solve this probability question?,作业/考试题解读,synthetic,en
请给出 PyTorch 实现 ResNet18 的示例代码 给个例子,示例代码,synthetic,zh
推荐系统学习资料和最佳实践,资料推荐,synthetic,zh
训练时报错 CUDA out of memory 怎么办？ 请详细一些,报错排查,synthetic,zh
NullPointerException how to debug,报错排查,synthetic,en
零基础如何学习机器学习？给出学习路径 请详细一些,学习路径建议,synthetic,zh
Show an example of sklearn logistic regression,示例代码,synthetic,en
How to solve this probability question?,作业/考试题解读,synthetic,en
Python 入门到进阶的建议,学习路径建议,synthetic,zh
哪里可以找到优质的NLP课程？,资料推荐,synthetic,zh
pip 安装 torch 失败，如何解决？,工具安装配置,synthetic,zh
帮我总结SVM的核心要点,复习总结/要点,synthetic,zh
零基础如何学习机器学习？给出学习路径,学习路径建议,synthetic,zh
How to fix ModuleNotFoundError: numpy?,报错排查,synthetic,en
How to install CUDA on Ubuntu 22.04,工具安装配置,synthetic,en
推荐系统学习资料和最佳实践,资料推荐,synthetic,zh
推荐系统学习资料和最佳实践,资料推荐,synthetic,zh
数学应用题求解思路,作业/考试题解读,synthetic,zh
Key takeaways of gradient descent,复习总结/要点,synthetic,en
数学应用题求解思路,作业/考试题解读,synthetic,zh
How to solve this probability question?,作业/考试题解读,synthetic,en
Python 入门到进阶的建议,学习路径建议,synthetic,zh
conda 创建虚拟环境并安装requirements 有什么坑?,工具安装配置,synthetic,zh
NullPointerException how to debug 给个例子,报错排查,synthetic,zh
pip 安装 torch 失败，如何解决？,工具安装配置,synthetic,zh
Key takeaways of gradient descent Why?,复习总结/要点,synthetic,en
请给出 PyTorch 实现 ResNet18 的示例代码 给个例子,示例代码,synthetic,zh
数学应用题求解思路,作业/考试题解读,synthetic,zh
为什么L2正则化能缓解过拟合？,概念解释,synthetic,zh
Key takeaways of gradient descent,复习总结/要点,synthetic,en
如何用python实现快速排序？,示例代码,synthetic,zh
Python 入门到进阶的建议 请详细一些,学习路径建议,synthetic,zh
Key takeaways of gradient descent,复习总结/要点,synthetic,en
How to install CUDA on Ubuntu 22.04,工具安装配置,synthetic,en
这道微积分题该如何下手？ 请详细一些,作业/考试题解读,synthetic,zh
Explain what is overfitting in machine learning,概念解释,synthetic,en
Python 入门到进阶的建议,学习路径建议,synthetic,zh
Transformer 结构复习提纲 请详细一些,复习总结/要点,synthetic,zh
How to fix ModuleNotFoundError: numpy? 有什么坑?,报错排查,synthetic,zh
什么是交叉熵？通俗解释一下,概念解释,synthetic,zh
Key takeaways of gradient descent,复习总结/要点,synthetic,en
训练时报错 CUDA out of memory 怎么办？,报错排查,synthetic,zh
How to learn deep learning in 3 months?,学习路径建议,synthetic,en
如何用python实现快速排序？,示例代码,synthetic,zh
NullPointerException how to debug 请详细一些,报错排查,synthetic,zh
conda 创建虚拟环境并安装requirements 给个例子,工具安装配置,synthetic,zh
如何用python实现快速排序？,示例代码,synthetic,zh
Transformer 结构复习提纲,复习总结/要点,synthetic,zh
Explain what is overfitting in machine learning 请详细一些,概念解释,synthetic,zh
Explain what is overfitting in machine learning,概念解释,synthetic,en
How to install CUDA on Ubuntu 22.04,工具安装配置,synthetic,en
Best books to learn statistics 请详细一些,资料推荐,synthetic,zh
如何用python实现快速排序？,示例代码,synthetic,zh
Explain what is overfitting in machine learning,概念解释,synthetic,en
Explain what is overfitting in machine learning,概念解释,synthetic,en
什么是交叉熵？通俗解释一下,概念解释,synthetic,zh
什么是交叉熵？通俗解释一下,概念解释,synthetic,zh
How to install CUDA on Ubuntu 22.04 给个例子,工具安装配置,synthetic,zh
pip 安装 torch 失败，如何解决？ 给个例子,工具安装配置,synthetic,zh
什么是交叉熵？通俗解释一下,概念解释,synthetic,zh
How to install CUDA on Ubuntu 22.04,工具安装配置,synthetic,en
如何用python实现快速排序？ 请详细一些,示例代码,synthetic,zh
数学应用题求解思路,作业/考试题解读,synthetic,zh
conda 创建虚拟环境并安装requirements,工具安装配置,synthetic,zh
什么是交叉熵？通俗解释一下,概念解释,synthetic,zh
请给出 PyTorch 实现 ResNet18 的示例代码,示例代码,synthetic,zh
推荐系统学习资料和最佳实践 Why?,资料推荐,synthetic,zh
Best books to learn statistics,资料推荐,synthetic,en
推荐系统学习资料和最佳实践 Why?,资料推荐,synthetic,zh
How to learn deep learning in 3 months?,学习路径建议,synthetic,en
请给出 PyTorch 实现 ResNet18 的示例代码,示例代码,synthetic,zh
推荐系统学习资料和最佳实践 有什么坑?,资料推荐,synthetic,zh
pip 安装 torch 失败，如何解决？ 有什么坑?,工具安装配置,synthetic,zh
How to install CUDA on Ubuntu 22.04 给个例子,工具安装配置,synthetic,zh
